歌手,連結,歌詞
J.Sheon,https://www.kkbox.com/tw/tc/song/-U70085PmL2CG.1UCG.1U0XL-index.html,
J.Sheon,https://www.kkbox.com/tw/tc/song/XOp00LHSOLIWscuOWscuO0XL-index.html,
J.Sheon,https://www.kkbox.com/tw/tc/song/XHG00Xa0lUKnbdYmnbdYm0XL-index.html,
J.Sheon,https://www.kkbox.com/tw/tc/song/zjw0051SOLI8SbGO8SbGO0XL-index.html,
J.Sheon,https://www.kkbox.com/tw/tc/song/IZB00w.LYG31XWoZ1XWoZ0XL-index.html,
J.Sheon,https://www.kkbox.com/tw/tc/song/WDH00SXSOLIf18oOf18oO0XL-index.html,
J.Sheon,https://www.kkbox.com/tw/tc/song/uCM00GlSOLIPis2OPis2O0XL-index.html,
J.Sheon,https://www.kkbox.com/tw/tc/song/WrU00G32OaKO1gpmO1gpm0XL-index.html,
J.Sheon,https://www.kkbox.com/tw/tc/song/Sar00X1SOLImAtgOmAtgO0XL-index.html,
J.Sheon,https://www.kkbox.com/tw/tc/song/uwH009XSOLIFaO8OFaO8O0XL-index.html,
J.Sheon,https://www.kkbox.com/tw/tc/song/KzN004J2OaK6jS3m6jS3m0XL-index.html,
J.Sheon,https://www.kkbox.com/tw/tc/song/arI00TsDrC4iPHXOiPHXO0XL-index.html,
J.Sheon,https://www.kkbox.com/tw/tc/song/x-e00E1SOLIMk90OMk90O0XL-index.html,
J.Sheon,https://www.kkbox.com/tw/tc/song/W3l00yHSOLI5TsEO5TsEO0XL-index.html,
J.Sheon,https://www.kkbox.com/tw/tc/song/xPc00PlSOLIc2PmOc2PmO0XL-index.html,
J.Sheon,https://www.kkbox.com/tw/tc/song/uU500WJ2OaKkTiVmkTiVm0XL-index.html,
J.Sheon,https://www.kkbox.com/tw/tc/song/w0T00wXSOLI1IqOO1IqOO0XL-index.html,
J.Sheon,https://www.kkbox.com/tw/tc/song/t7q00yI2OaK5VL6m5VL6m0XL-index.html,
J.Sheon,https://www.kkbox.com/tw/tc/song/O0m00LMQHI5XBb0TXBb0T0XL-index.html,
J.Sheon,https://www.kkbox.com/tw/tc/song/EX100Pm2OaKc3qemc3qem0XL-index.html,
